country,page_number,gdp_growth_pct,gdp_per_person_usd,gdp_per_person_ppp_usd,inflation_pct,budget_balance_pct_gdp,population_millions,raw_block_text,parse_confidence,review_status,source_label,source_date
Austria,2,0.9,69070,80070,2.2,-4.2,9.1,"Austria
GDP growth 0.9%
GDP per person $69,070 (PPP: $80,070)
Inflation 2.2%
Budget balance -4.2% of GDP
Population 9.1m
The coalition government under the chancellor, ChristianStocker of the centre-right Austrian People’s Party, and hiscentre-left Social Democratic Party and liberal NEOSpartners, faces tensions over the budget and social spending.Strict immigration rules are an area of agreement, butstability is not assured. The economy will grow modestly,American tariffs permitting.",high,needs_review,The World in Numbers | The Economist,2026-03-12
Belgium,2,1.1,65410,79760,2.2,-4.9,11.8,"Belgium
GDP growth 1.1%
GDP per person $65,410 (PPP: $79,760)
Inflation 2.2%
Budget balance -4.9% of GDP
Population 11.8m
The coalition government installed in February 2025, madeup of five parties of both Dutch and French speakers underthe nationalist New Flemish Alliance, signals a rightwardshift. The coalition will aim to reduce public debt, raise theretirement age and limit jobless benefits. Wage indexation,declining inflation and lower interest rates will supportmodest economic growth, though global trade turmoil willbe a drag.",high,needs_review,The World in Numbers | The Economist,2026-03-12
Croatia,2,2.8,29790,55480,3.1,-2.4,3.8,"Croatia
GDP growth 2.8%
GDP per person $29,790 (PPP: $55,480)
Inflation 3.1%
Budget balance -2.4% of GDP
Population 3.8m
3/12/26, 1:06 PM The World in Numbers | The Economist
The centre-right Croatian Democratic Union and itscoalition partner, the hard-right Homeland Movement,oversee a minority government and struggle with ideologicaldifferences. Even so, the coalition should complete its four-year term, maintaining a pro-EU stance. Strong consumerspending, real wage gains, lower interest rates and regionaldevelopment funds from the EU will support growth.Tourism, accounting for around 25% of GDP andemployment, will shine despite capacity and cost pressures.",low,needs_review,The World in Numbers | The Economist,2026-03-12
Denmark,3,1.9,85210,89160,1.8,1.3,6,"Denmark
GDP growth 1.9%
GDP per person $85,210 (PPP: $89,160)
Inflation 1.8%
Budget balance 1.3% of GDP
Population 6m
Mette Frederiksen, the prime minister, and her centre-leftSocial Democrats will approach elections in Octoberconfident of retaining power. Her broad coalitiongovernment has been stable despite its narrowparliamentary majority and ideological differences, a patternthat will remain after the election. Pharma exports will helpgrowth, but global tariffs are a risk. Domestic spending willtick up.",high,needs_review,The World in Numbers | The Economist,2026-03-12
Finland,3,1.1,59920,69140,1.8,-3.3,5.6,"Finland
GDP growth 1.1%
GDP per person $59,920 (PPP: $69,140)
Inflation 1.8%
Budget balance -3.3% of GDP
Population 5.6m
The centre-right coalition government headed by the primeminister, Petteri Orpo, is divided over policy priorities,especially immigration, the EU and climate, but shouldsurvive, supported by strong institutions. Economic growthwill hold steady around the euro-zone average, driven byconsumer and business spending and helped by lowerlending rates. But less demand in important export marketsand geopolitical risks to energy supplies will cap growth.
3/12/26, 1:06 PM The World in Numbers | The Economist
to watchNorthern exposure. Ovla, a Sami opera, will have itsworld premiere in January, part of the northern city of Oulu’soffering as European Capital of Culture.",low,needs_review,The World in Numbers | The Economist,2026-03-12
Germany,4,1,65260,79080,2.2,-3.6,83.6,"Germany
GDP growth 1%
GDP per person $65,260 (PPP: $79,080)
Inflation 2.2%
Budget balance -3.6% of GDP
Population 83.6m
The broad-based coalition government under the chancellor,Friedrich Merz, is mostly united on fiscal policy but willstruggle to agree elsewhere. Surging support for the hard-right Alternative for Germany party will test political co-operation, as will American tariffs. A relaxation of rules ongovernment debt, adopted in 2025, will increase investmentin infrastructure and defence, offsetting some tradeuncertainty.",high,needs_review,The World in Numbers | The Economist,2026-03-12
Hungary,4,2.5,29340,52390,3.6,-4.1,9.6,"Hungary
GDP growth 2.5%
GDP per person $29,340 (PPP: $52,390)
Inflation 3.6%
Budget balance -4.1% of GDP
Population 9.6m
Parliamentary elections in April will dominate the politicallandscape, with the Fidesz party of Viktor Orban, the primeminister, facing a strong challenge from the rising centre-
3/12/26, 1:06 PM The World in Numbers | The Economist
right Respect and Freedom Party (TISZA). Despite TISZA’spolling lead, Fidesz’s media control and pre-electionspending should secure a narrow win, though voter fatigueand economic woes could tip the scales. The economy willrebound, powered by household spending and rising realwages.
to watchFunding gap. The withholding of economic “cohesion”funds by the EU until Hungary restores the rule of law will constraingrowth.",low,needs_review,The World in Numbers | The Economist,2026-03-12
Italy,5,0.7,45570,65910,1.5,-3.1,58.9,"Italy
GDP growth 0.7%
GDP per person $45,570 (PPP: $65,910)
Inflation 1.5%
Budget balance -3.1% of GDP
Population 58.9m
The right-wing Brothers of Italy government led by GiorgiaMeloni, the prime minister, is buoyed by a strongparliamentary majority and a fragmented opposition,minimising the risk of an early election. The economy will besluggish, with important exports such as machinery,pharmaceuticals and vehicles facing headwinds fromAmerican tariffs, which will also chill domestic businessinvestment. Consumer spending, though, will keep theeconomy ticking over, supported by historically lowunemployment, declining inflation and falling interest rates.",high,needs_review,The World in Numbers | The Economist,2026-03-12
Lithuania,5,2.7,38430,62980,2,-2.7,2.8,"Lithuania
GDP growth 2.7%
GDP per person $38,430 (PPP: $62,980)
Inflation 2%
Budget balance -2.7% of GDP
Population 2.8m
3/12/26, 1:06 PM The World in Numbers | The Economist
Inga Ruginiene of the centre-left Social Democratic Party ofLithuania became prime minister in September 2025 afterthe previous leader, Gintautas Paluckas, stepped down amidprobes into his business dealings. The new coalition, like itspredecessor, includes the populist Dawn of Nemunas party,a wild card because its policies are unclear and its leader,Remigijus Zemaitaitis, faces legal troubles. A pro-Western,pro-EU stance will prevail regardless. Strong wage growthand more spending on defence will propel the economy.
to watchTrack changes. The economy will get a boost fromspending on Rail Baltica, a high-speed link through the Balticstates to Poland.",low,needs_review,The World in Numbers | The Economist,2026-03-12
Norway,6,1.6,100740,110190,2.4,8.9,5.7,"Norway
GDP growth 1.6%
GDP per person $100,740 (PPP: $110,190)
Inflation 2.4%
Budget balance 8.9% of GDP
Population 5.7m
The centre-left Labour Party came first in elections inSeptember 2025, presaging another coalition government,although party talks may take months to resolve. Thegovernment will aim to strengthen the welfare state, butreliance on centrist or right-wing parties will prevent a shiftto a markedly leftist agenda. Lower inflation will boost realincomes, while the central bank trims borrowing rates.Robust consumer spending and strong oil and gas revenueswill keep the economy humming.
to watchCloud base. Governments, tech leaders and investorswill gather in Oslo in May for the Data Centre Expo, as Norwayestablishes its credentials as a sustainable tech hub.",high,needs_review,The World in Numbers | The Economist,2026-03-12
Portugal,6,1.9,35970,57430,2,0.1,10.4,"Portugal
GDP growth 1.9%
GDP per person $35,970 (PPP: $57,430)
Inflation 2%
Budget balance 0.1% of GDP
Population 10.4m
The minority centre-right Democratic Alliance government,led by Luis Montenegro, depends on co-operation fromopposition parties—possibly including the hard-right
3/12/26, 1:06 PM The World in Numbers | The Economist
populist Chega party, now the largest opposition force. Thisprecarious balance risks derailing a government programmefocused on boosting salaries, tackling a housing crisis andlifting economic growth. Strong tourism will support theeconomy, but EU recovery funds will come to an end.",low,needs_review,The World in Numbers | The Economist,2026-03-12
Russia,7,0.7,17240,52200,4.8,-2.2,143.4,"Russia
GDP growth 0.7%
GDP per person $17,240 (PPP: $52,200)
Inflation 4.8%
Budget balance -2.2% of GDP
Population 143.4m
The war against Ukraine may grind to an uneasy, negotiatedhalt, allowing some recovery in Russia’s non-oil exports, butthe shift away from a war economy will be slow. Endingbonuses for fighters and their families, and a looser jobsmarket, will hold down domestic demand, preventing muchof a peace dividend. If the war persists, it will be less intense,but with no chance of Russia re-integrating into global tradeand financial systems.
to watchSpoilt ballot. Legislative elections in September willdeliver the expected result.",high,needs_review,The World in Numbers | The Economist,2026-03-12
Slovenia,7,2.5,39180,62350,2,-2,2.1,"Slovenia
GDP growth 2.5%
GDP per person $39,180 (PPP: $62,350)
Inflation 2%
Budget balance -2% of GDP
Population 2.1m
The governing Freedom Movement and its left-wingcoalition enjoys solid parliamentary support but trails thecentre-right Slovenian Democratic Party in polls ahead ofelections set for April 2026. New parties are likely tofragment the next parliament and complicate coalition-building. The export-oriented economy will face headwinds,but growth should rally.",high,needs_review,The World in Numbers | The Economist,2026-03-12
Sweden,7,2.1,67310,76900,1.8,-1.1,10.7,"Sweden
GDP growth 2.1%
3/12/26, 1:06 PM The World in Numbers | The Economist
GDP per person $67,310 (PPP: $76,900)
Inflation 1.8%
Budget balance -1.1% of GDP
Population 10.7m
Ulf Kristersson, the prime minister, and his centre-rightminority coalition government will survive until theSeptember election, supported in parliament by the hard-right Sweden Democrats. The main opposition, the centre-left Social Democrats, are best placed to form the nextgovernment, heralding higher welfare spending and someeasing in immigration policy. Rising consumer spending andbusiness investment, plus lower inflation, will boost theeconomy despite high unemployment and household debt.",low,needs_review,The World in Numbers | The Economist,2026-03-12
Turkey,8,3.8,18400,51190,23,-3,87.9,"Turkey
GDP growth 3.8%
GDP per person $18,400 (PPP: $51,190)
Inflation 23%
Budget balance -3% of GDP
Population 87.9m
The president, Recep Tayyip Erdogan, will further tightenhis grip on power after the arrest of Istanbul’s popular mayorin 2025 triggered protests. Backed by a solid parliamentarymajority, Mr Erdogan will do as he wishes. Falling inflationwill allow more government spending and lower interestrates, supporting growth, though high unemployment andfalling real wages will hold back consumer spending.
to watchOil drill. The annual Kirkpinar Oil Wrestling Festival willtake place in Edirne in July, featuring leather-clad pugilists dousedin olive oil.",high,needs_review,The World in Numbers | The Economist,2026-03-12
United Kingdom,8,1.3,62470,67130,2.5,-4,69.9,"United Kingdom
GDP growth 1.3%
GDP per person $62,470 (PPP: $67,130)
Inflation 2.5%
Budget balance -4% of GDP
Population 69.9m
The Labour Party government under the prime minister, SirKeir Starmer, will try to regain public support amid risingcompetition from the hard-right and anti-immigrant Reform
3/12/26, 1:06 PM The World in Numbers | The Economist
UK, which poses a threat to the traditional two-party system.Labour’s reform and investment programmes will yieldbenefits only later in the decade, while tax rises and a tightbudget will dampen sentiment among businesses andconsumers. The economy will languish, but inflation will fall.
Milorad Dodik
During three decades in politics Milorad Dodik has morphed froma liberal anti-nationalist and darling of Western powers to acommitted supporter of independence for Republika Srbska, theSerb- majority entity within Bosnia and Herzegovina (BiH)established after the 1995 war. Having served as the semi-autonomous territory’s prime minister twice between 1998 and2010 and its president twice between 2010 and 2025, he is now afree-floating political agitator. He is an ally to both Serbia andRussia and a thorn in the side of the BiH government and itsWestern guarantors. The underlying ethnic and sectariandivisions that have long destabilised the Balkans will smoulder in2026. Mr Dodik could set them aflame once again.",low,needs_review,The World in Numbers | The Economist,2026-03-12
Bulgaria,9,2.9,19920,44660,2.3,-2.8,6.7,"Bulgaria
GDP growth 2.9%
GDP per person $19,920 (PPP: $44,660)
Inflation 2.3%
Budget balance -2.8% of GDP
Population 6.7m
Adopting the euro in January 2026, one year after Bulgariaentered the passport-free Schengen zone, will bolster tradeand financial transactions. Consumer and business spendingwill remain robust, boosted by real wage gains, keeping theeconomy growing faster than the EU average. But the rulingcoalition, led by the centre-right Citizens for EuropeanDevelopment of Bulgaria under the prime minister, Rosen
3/12/26, 1:06 PM The World in Numbers | The Economist
Zhelyazkov, faces internal splits and will not last until itsterm ends in 2028.
to watchPetal power. The June Rose Festival will celebrateproduction of rose oil, of which Bulgaria provides 70% of theworld’s supply.",low,needs_review,The World in Numbers | The Economist,2026-03-12
Czech Republic,10,2,40860,65680,2.8,-2.5,10.5,"Czech Republic
GDP growth 2%
GDP per person $40,860 (PPP: $65,680)
Inflation 2.8%
Budget balance -2.5% of GDP
Population 10.5m
The populist ANO party under Andrej Babis, a once andlikely future prime minister, came first in the parliamentaryelection in October 2025 and quickly secured the support oftwo hard-right parties to form a majority. Strong demandfrom consumers and recovering investment, supported byEU funding and lower interest rates, will drive a modest rallyin the economy, though trade tensions, partly reflectingAmerican tariffs, will hobble export growth.
to watchBullet points. Increased defence spending in line withNATO commitments will widen the fiscal deficit.",high,needs_review,The World in Numbers | The Economist,2026-03-12
Estonia,10,2.1,38780,56550,2.8,-3,1.3,"Estonia
GDP growth 2.1%
GDP per person $38,780 (PPP: $56,550)
Inflation 2.8%
Budget balance -3% of GDP
Population 1.3m
The governing coalition, comprising the Reform Party andEstonia 200, will operate with a reduced parliamentarymajority after the expulsion in 2025 of the Social DemocraticParty, but should make it to elections in 2027. Estonia’sstrong pro-Ukraine stance will keep relations with Russiafrosty, raising the risk of “grey zone” attacks—cyberwarfare,for example. The economy will recover slowly after severalstagnant years.
to watchPrecedented president. The incumbent, Alar Karis, islikely to be elected by parliament for a second presidential term inlate 2026.
3/12/26, 1:06 PM The World in Numbers | The Economist",high,needs_review,The World in Numbers | The Economist,2026-03-12
France,11,1,53940,68370,1.6,-5.2,66.7,"France
GDP growth 1%
GDP per person $53,940 (PPP: $68,370)
Inflation 1.6%
Budget balance -5.2% of GDP
Population 66.7m
The country is facing political turmoil, having had five primeministers in two years. The latest, Sébastien Lecornu,resigned in October and was promptly reappointed. Theproblem is that parliament is split into three hostile blocs,none of which is willing to compromise. Any governmentwill face the same difficulties passing laws. Tackling thebudget deficit, which may involve freezing the indexation ofpension and welfare payments and cutting spending onhealth, will face fierce opposition. The economy will edgehigher, but austerity will weigh on spending.
to watchSo nice. The Nice Carnival in February will salute thegreat heroines of fiction and history.",high,needs_review,The World in Numbers | The Economist,2026-03-12
Greece,11,2.4,31380,51930,2.4,-0.1,9.9,"Greece
GDP growth 2.4%
GDP per person $31,380 (PPP: $51,930)
Inflation 2.4%
Budget balance -0.1% of GDP
Population 9.9m
Facing no credible challenge from the opposition, thecentre-right New Democracy government under the primeminister, Kyriakos Mitsotakis, will press on with reformsaimed at modernising and diversifying the economy. Stillrecovering from the turmoil that followed the globalfinancial crisis of 2007-09, the economy will perform abovethe EU average, supported by strong business spending andhelped by wage gains and labour-market improvements,alongside EU funding.
to watchAdapt and survive. Work will be completed on the firstphase of a climate-change adaptation project, focused oncoastlines, flood risk, forest-fire prevention and watermanagement.
3/12/26, 1:06 PM The World in Numbers | The Economist",high,needs_review,The World in Numbers | The Economist,2026-03-12
Ireland,12,1.3,142650,169970,1.9,1.4,5.4,"Ireland
GDP growth 1.3%
GDP per person $142,650 (PPP: $169,970)
Inflation 1.9%
Budget balance 1.4% of GDP
Population 5.4m
The coalition government led by the taoiseach, MicheálMartin of Fianna Fáil, with support from Fine Gael andindependents, is ideologically divided but should survive,using budget surpluses to pursue tax cuts, home-purchasesubsidies and more housing. Economic growth willmoderate but remain relatively strong, though Americantariffs loom over export-heavy industries likepharmaceuticals, and volatile (and mobile) tax revenue frombig global companies remains a vulnerability.
to watchWho’s there? The Knock Shrine will celebrate the 50thanniversary of the completion of the Basilica of Our Lady, Queen ofIreland, a strong draw for Catholic pilgrims.",high,needs_review,The World in Numbers | The Economist,2026-03-12
Latvia,12,1.4,27150,48270,2.5,-2.9,1.8,"Latvia
GDP growth 1.4%
GDP per person $27,150 (PPP: $48,270)
Inflation 2.5%
Budget balance -2.9% of GDP
Population 1.8m
Evika Silina, the prime minister, and her New Unity partylead a fragile three-party coalition with the Union of Greensand Farmers and the Progressives, holding a bare majority inthe 100-seat parliament. The coalition will be ousted inelections set for October, though the vote could come earlierif the government collapses. Whatever happens, a pro-EUand pro-NATO consensus will survive. The economy will behurt by American tariffs, curbing precision-equipment andchemicals exports. But trade diversification, defencespending and EU-funded investments will support a modesteconomic recovery.",high,needs_review,The World in Numbers | The Economist,2026-03-12
Netherlands,12,0.5,75530,88870,2.8,-2.9,18.4,"Netherlands
GDP growth 0.5%
GDP per person $75,530 (PPP: $88,870)
3/12/26, 1:06 PM The World in Numbers | The Economist
Inflation 2.8%
Budget balance -2.9% of GDP
Population 18.4m
The centre-left Democrats 66 (D66) party was poised toform the next government after the hard-right Party forFreedom lost ground in elections in late 2025. Still, D66 willneed the support of other parties to form a coalitiongovernment, and negotiations could stretch into 2026. Theexport-driven economy will be slowed by American tariffsand cuts to investment, but will benefit from fiscal stimulus.
to watchGas giant. The first phase of a national hydrogenpipeline network will start operating in Rotterdam.",low,needs_review,The World in Numbers | The Economist,2026-03-12
Poland,13,3.2,29160,55560,2.9,-6.4,37.8,"Poland
GDP growth 3.2%
GDP per person $29,160 (PPP: $55,560)
Inflation 2.9%
Budget balance -6.4% of GDP
Population 37.8m
EU relations and funding flows are back on track after thereturn to government of the centrist Civic Coalition, led bythe two-time prime minister, Donald Tusk. He will pushahead with pro-business, socially liberal policies, althoughthe opposition-aligned president will throw up obstacles.Defence ties with Western allies will deepen. Economicgrowth will outpace the EU average, with investment andfiscal easing offsetting uncertain export prospects.
3/12/26, 1:06 PM The World in Numbers | The Economist",high,needs_review,The World in Numbers | The Economist,2026-03-12
Romania,14,1.5,25190,54290,5.9,-6.2,18.8,"Romania
GDP growth 1.5%
GDP per person $25,190 (PPP: $54,290)
Inflation 5.9%
Budget balance -6.2% of GDP
Population 18.8m
Unity in the four-party coalition government led by theprime minister, Ilie Bolojan, is threatened by disagreementover austerity measures needed to rein in a budget deficit farabove the EU’s 3% of GDP limit. The hard right, meanwhile, isgaining momentum among disillusioned voters. Tight publicspending, soft domestic demand and poor absorption of EUfunds will weigh on economic growth, though industrialproduction will rebound.",high,needs_review,The World in Numbers | The Economist,2026-03-12
Slovakia,14,1.6,31930,51180,2.8,-4.5,5.5,"Slovakia
GDP growth 1.6%
GDP per person $31,930 (PPP: $51,180)
Inflation 2.8%
Budget balance -4.5% of GDP
Population 5.5m
The populist-nationalist Smer-SD government, which leads afragile coalition with a slim parliamentary majority, willtussle again with the EU over judicial reforms. Even so, EUfunding critical to financing public debt will flow. Weakforeign demand, especially from Germany, will weigh on aneconomy that relies heavily on cars, car parts and otherindustrial goods, though diversification will progress.
3/12/26, 1:06 PM The World in Numbers | The Economist",high,needs_review,The World in Numbers | The Economist,2026-03-12
Spain,15,2,42220,65280,2,-2.6,47.9,"Spain
GDP growth 2%
GDP per person $42,220 (PPP: $65,280)
Inflation 2%
Budget balance -2.6% of GDP
Population 47.9m
The left-wing minority coalition government of the primeminister, Pedro Sánchez, will deliver above-EU-averagegrowth, reflecting solid domestic demand, strong tourism,wage increases and EU-funded investment, especially indigital and green infrastructure. Still, risks to export growthwill persist. Corruption scandals have weakened thegovernment, but it will limp on through the year, untilelections in 2027.
to watchNew Formula. In September Madrid will host a Formula 1motor race for the first time, on a new circuit combining city streetsand dedicated track.",high,needs_review,The World in Numbers | The Economist,2026-03-12
Switzerland,15,0.8,120010,102790,0.6,0.2,9,"Switzerland
GDP growth 0.8%
GDP per person $120,010 (PPP: $102,790)
Inflation 0.6%
Budget balance 0.2% of GDP
Population 9m
Much will depend on the government’s attempts tonegotiate down punitive American import tariffs—which aretwice as high as those on the EU. The Swiss franc is likely tobe under pressure until the relationship is stabilised.
3/12/26, 1:06 PM The World in Numbers | The Economist
Inflation will stay low, perhaps prompting a return tonegative interest rates. Economic policy will focus ontightening regulation of too-big-to-fail banks and winningparliamentary approval for a new agreement with the EUcovering trade, energy and food safety.",low,needs_review,The World in Numbers | The Economist,2026-03-12
Ukraine,16,2.4,5630,18430,7.5,-18.7,39.5,"Ukraine
GDP growth 2.4%
GDP per person $5,630 (PPP: $18,430)
Inflation 7.5%
Budget balance -18.7% of GDP
Population 39.5m
If no peace deal is forthcoming in the war with Russia, thecurrent front line is likely to become frozen in place as bothsides dig in. If an agreement emerges, it will probablyinvolve the concession of territory and limited securityguarantees from Ukraine’s Western allies. The president,Volodymyr Zelensky, may choose to seek popularendorsement for a deal via a referendum. The economy willpost modest growth as fighting slows, supported byspending on reconstruction.",high,needs_review,The World in Numbers | The Economist,2026-03-12
Australia,16,2.4,71270,80120,2.6,-1.6,27.2,"Australia
GDP growth 2.4%
GDP per person $71,270 (PPP: $80,120)
Inflation 2.6%
Budget balance -1.6% of GDP
Population 27.2m
Anthony Albanese, the prime minister, heads a Labor Partygovernment that commands a strong lower-house majority,though it needs support from the Greens in the Senate. The
3/12/26, 1:06 PM The World in Numbers | The Economist
parties will co-operate on workplace relations andcost-of-living measures, but housing policy could provecontentious.
to watchEasier credit. Lower interest rates should help revivedomestic demand after a period of depressed consumer spendingand business investment.",low,needs_review,The World in Numbers | The Economist,2026-03-12
Bangladesh,17,4.3,2720,10820,6.9,-3.8,177.8,"Bangladesh
GDP growth 4.3%
GDP per person $2,720 (PPP: $10,820)
Inflation 6.9%
Budget balance -3.8% of GDP
Population 177.8m
Elections are planned for February, with the BangladeshNationalist Party expected to win. Since the collapse of theprevious government amid student protests in 2024, thetechnocratic interim administration led by MuhammadYunus, a Nobel peace-prize laureate, has worked to rebuildinstitutions, which will influence the pace of IMF loandisbursements. Cost-of-living pressures will make austeritymeasures unpopular.",high,needs_review,The World in Numbers | The Economist,2026-03-12
Hong Kong,17,1.9,60040,85210,2.1,-3.7,7.4,"Hong Kong
GDP growth 1.9%
GDP per person $60,040 (PPP: $85,210)
Inflation 2.1%
Budget balance -3.7% of GDP
Population 7.4m
Economic and political prospects will be shaped by therivalry between China and America, with global traderestrictions, technology controls and investment screeningconstraining the territory’s role as an international trade andfinance hub. Even so, the economy will rally later in 2026 aslocal financial services attract more mainland Chinese firmslooking to list. Beijing’s influence over Hong Kong’sleadership will deepen, while local voices stay muted.
to watchLook north. The Northern Metropolis infrastructureproject will advance, creating new housing and road and rail links.
3/12/26, 1:06 PM The World in Numbers | The Economist",high,needs_review,The World in Numbers | The Economist,2026-03-12
Indonesia,18,4.6,5340,18890,2.7,-3.2,287.9,"Indonesia
GDP growth 4.6%
GDP per person $5,340 (PPP: $18,890)
Inflation 2.7%
Budget balance -3.2% of GDP
Population 287.9m
The government of the president, Prabowo Subianto, willfocus on food security, trade diversification and attractingforeign investment in heavy industry and infrastructure.Expansion of the cabinet promises greater policy expertisebut risks bloated spending and red tape. Flagship initiativeslike the free-lunch programme will take priority overambitious undertakings like the development of Nusantara,Indonesia’s new capital. GDP will grow, but by nowhere nearMr Prabowo’s target of 8%.
to watchTime-saver. Work will start on the Jakarta-Surabayahigh-speed rail link, which will cut travel time from ten hours to lessthan four.",high,needs_review,The World in Numbers | The Economist,2026-03-12
Kazakhstan,18,4.8,13620,45800,11.3,-2.7,21.1,"Kazakhstan
GDP growth 4.8%
GDP per person $13,620 (PPP: $45,800)
Inflation 11.3%
Budget balance -2.7% of GDP
Population 21.1m
The authoritarian regime under the president, Kassym-Jomart Tokayev, will stifle dissent, keep tight control ofcommunity groups and the media, and marginalise figuresfrom the Nazarbayev era, buying loyalty when necessary.Despite superficial reforms, genuine political liberalisationis unlikely; instead, any signs of industrial strife will be metwith sharp repression, especially in the oil-and-gas sector.Growth will moderate in response to faltering privatedemand.
to watchDigital arena. Astana will host the 2026 Games of theFuture in July, a hybrid event mixing physical and digital sport.",high,needs_review,The World in Numbers | The Economist,2026-03-12
New Zealand,18,0.9,52390,60510,2.2,-2.5,5.3,"New Zealand
GDP growth 0.9%
GDP per person $52,390 (PPP: $60,510)
3/12/26, 1:06 PM The World in Numbers | The Economist
Inflation 2.2%
Budget balance -2.5% of GDP
Population 5.3m
The coalition government led by the prime minister,Christopher Luxon, and comprising the centre-rightNational Party, NZ First and ACT, may fall out over calls toscale back preferences for the Maori people and toreinterpret a treaty that recognised Maori land ownership.This could energise opposition parties, though the coalitionshould survive. Government infrastructure and relaxedforeign-investment rules will boost the economy, despiteweak demand from China.",low,needs_review,The World in Numbers | The Economist,2026-03-12
Philippines,19,4.6,4750,13630,2.6,-6,117.7,"Philippines
GDP growth 4.6%
GDP per person $4,750 (PPP: $13,630)
Inflation 2.6%
Budget balance -6% of GDP
Population 117.7m
Recurring factional feuds will shake the political scene, butallies of the president, Ferdinand “Bongbong” Marcos junior,retained the senate in midterm elections in May 2025,supporting policies such as stabilising prices. The economywill slow after a pre-election stimulus splurge. Inflation andinterest rates will be subdued and consumer spending andinvestment resilient, but waning trade momentum andfading post-election demand will act as headwinds.
to watchAmerican bounty. Deepening economic and military co-operation with America will aggravate tensions with China.",high,needs_review,The World in Numbers | The Economist,2026-03-12
South Korea,19,1.4,38690,64490,1.7,-2.4,51.6,"South Korea
GDP growth 1.4%
GDP per person $38,690 (PPP: $64,490)
Inflation 1.7%
Budget balance -2.4% of GDP
Population 51.6m
The liberal Democratic Party wields firm control over boththe presidency and the legislature. Lee Jae-myung’s electionas president in June 2025, following his predecessor’simpeachment, ended much of the political paralysis that had
3/12/26, 1:06 PM The World in Numbers | The Economist
hampered the country. Policy will focus on youthemployment, elder care and small- and medium-sizedenterprises, but growth will be constrained by Americantariffs, weak global demand and competition from China.
to watchVirtually there. Seoul will launch its own government-services and cultural-metaverse platform, pioneering digital urbanaccess.",low,needs_review,The World in Numbers | The Economist,2026-03-12
Taiwan,20,2.2,39780,92540,1.7,0.2,23,"Taiwan
GDP growth 2.2%
GDP per person $39,780 (PPP: $92,540)
Inflation 1.7%
Budget balance 0.2% of GDP
Population 23m
Parliamentary gridlock will persist, given divisions betweenthe Democratic Progressive Party of the president, LaiChing-te, the Kuomintang opposition and the TaiwanPeople’s Party. This will curb plans for more spending onwelfare and defence. Tension across the Taiwan Strait willremain high as the threat from China grows. The economywill slow as the front-loading of exports to America fades,but global demand for artificial intelligence will help, givenTaiwan’s role in technology supply chains.",high,needs_review,The World in Numbers | The Economist,2026-03-12
Uzbekistan,20,5.5,3760,13560,7.5,-2.9,37.7,"Uzbekistan
GDP growth 5.5%
GDP per person $3,760 (PPP: $13,560)
Inflation 7.5%
Budget balance -2.9% of GDP
Population 37.7m
The political tone will remain firmly authoritarian under thepresident, Shavkat Mirziyoyev, and his pliant LiberalDemocratic Party government. Despite public frustrationover corruption and energy shortages, strict governmentcontrol and swift suppression of dissent will assure stability.Growth will be propelled by robust investment in energy andinfrastructure, strong domestic demand, firm exports, highgold prices and steady remittance inflows, though at aslightly reduced pace.
3/12/26, 1:06 PM The World in Numbers | The Economist
To LamTo Lam, general secretary of the Communist Party of Vietnamsince his predecessor died in 2024, is likely to be confirmed in therole at January’s party congress. To prepare he has centralisedcontrol of government and consolidated his authority andpatronage power. He will also press ahead with a highlypoliticised anti-corruption crackdown. It won’t be plain sailing. Inrecent years Vietnam has inserted itself between Westerneconomies and a Chinese export machine of which they are wary—a strategy threatened by Donald Trump’s unpredictable tariffs.Mr Lam, like his father a former head of the national police, willrespond by diversifying Vietnam’s trade and investment ties,without angering America and China or sacrificing centralisedpolitical control.",low,needs_review,The World in Numbers | The Economist,2026-03-12
China,21,4.6,14690,31310,0.2,-5.7,1413,"China
GDP growth 4.6%
GDP per person $14,690 (PPP: $31,310)
Inflation 0.2%
Budget balance -5.7% of GDP
Population 1413m
Xi Jinping enjoys unchallenged control, with his alliesdominating the Communist Party, armed forces andbureaucracy, ensuring decision-making remains in his hands.But age and health concerns pose risks, while the lack of aclear successor may trigger a power struggle should he fallill. Under pressure from American containment and lessdemand for the country’s exports, economic growth willslow. The government will push stimulus measures andinfrastructure investment to support domestic spendingamid a soft property market.
to watchPlan view. China will begin its 15th five-year plan,emphasising economic resilience, technology gains and growth,balanced with national security.
3/12/26, 1:06 PM The World in Numbers | The Economist",high,needs_review,The World in Numbers | The Economist,2026-03-12
India,22,6.2,2990,13140,3.8,-4,1476.6,"India
GDP growth 6.2%
GDP per person $2,990 (PPP: $13,140)
Inflation 3.8%
Budget balance -4% of GDP
Population 1476.6m
The reduced parliamentary majority of the coalitiongovernment led by the Bharatiya Janata Party will slowprogress on business reforms and weigh on investorconfidence. The economy, though, will post another year ofstrong growth, supported by looser money, publicinvestment, resilient services exports and robust ruraldemand. Foreign direct investment will be buoyed by a largeand growing consumer market.
to watchRepairing relations. India will look for ways to sootheDonald Trump’s ego and restore fractured economic ties.",high,needs_review,The World in Numbers | The Economist,2026-03-12
Japan,22,0.7,35670,56900,1.5,-3.5,122.4,"Japan
GDP growth 0.7%
GDP per person $35,670 (PPP: $56,900)
Inflation 1.5%
Budget balance -3.5% of GDP
Population 122.4m
Takaichi Sanae became Japan’s first female prime minister inlate 2025 after winning the leadership of the ruling LiberalDemocratic Party. Japan’s third prime minister in just over ayear, Ms Takaichi represents a clear shift to the right. She islikely to mirror the pro-growth policies of her mentor, thelate Abe Shinzo, by favouring looser fiscal and monetary
3/12/26, 1:06 PM The World in Numbers | The Economist
policy. Freer spending will boost the economy but also pushup debt.",low,needs_review,The World in Numbers | The Economist,2026-03-12
Malaysia,23,4,13320,43210,1.6,-3.9,36.4,"Malaysia
GDP growth 4%
GDP per person $13,320 (PPP: $43,210)
Inflation 1.6%
Budget balance -3.9% of GDP
Population 36.4m
The prime minister, Anwar Ibrahim, and his broad coalitiongovernment will work to balance pro-Malay and non-Malayinterests, limiting the risk of social unrest. Economic growthwill slip, constrained by rising global protectionism andweakening export demand, particularly from America.Consumer spending, buoyed by resilient wage growth andrising disposable incomes, will remain the main growthdriver.
to watchValue judgment. The New Industrial Master Plan, whichaims to advance digitisation, electric-vehicle manufacturing andpharmaceutical production by 2030, will get its midterm review.",high,needs_review,The World in Numbers | The Economist,2026-03-12
Pakistan,23,4.5,1660,7000,5,-5,259.3,"Pakistan
GDP growth 4.5%
GDP per person $1,660 (PPP: $7,000)
Inflation 5%
Budget balance -5% of GDP
Population 259.3m
3/12/26, 1:06 PM The World in Numbers | The Economist
The coalition government led by the Pakistan MuslimLeague Nawaz and the Pakistan Peoples Party holds afragile majority and relies on backing from the army,granting it sway over policy. Looser money and improvedaccess to credit will support the economy, but it will be heldback by American tariffs and the effects of India’ssuspension of a water treaty that allocates use of the Indusriver between the two countries.
to watchTrust fund. IMF assistance will stave off default, butfiscal strains and sluggish reforms will test the fund’s commitment.",low,needs_review,The World in Numbers | The Economist,2026-03-12
Singapore,24,2.6,109340,167950,1.1,0.4,5.9,"Singapore
GDP growth 2.6%
GDP per person $109,340 (PPP: $167,950)
Inflation 1.1%
Budget balance 0.4% of GDP
Population 5.9m
The long-ruling People’s Action Party under the primeminister, Lawrence Wong, will maintain its dominance,though the opposition Workers’ Party will build support,particularly among younger, reform-minded voters.Frustration over high living costs, housing affordability andincome inequality will require a response. Domestic demandand fiscal support will partly offset a weak trade outlook.",high,needs_review,The World in Numbers | The Economist,2026-03-12
Sri Lanka,24,4,4930,16960,4,-4,23.3,"Sri Lanka
GDP growth 4%
GDP per person $4,930 (PPP: $16,960)
Inflation 4%
3/12/26, 1:06 PM The World in Numbers | The Economist
Budget balance -4% of GDP
Population 23.3m
The ruling National People’s Power alliance under thepresident, Aruna Kumara Dissanayake, wields strongsupport, though its electoral honeymoon is ending. With thelegislature and the executive aligned, it can push ahead onredistributing wealth and boosting salaries. Economicrecovery will progress, with rising incomes supportingspending. Moderate interest rates and more tourism willhelp offset weak exports tied to American tariffs.",low,needs_review,The World in Numbers | The Economist,2026-03-12
Thailand,25,1.7,8580,27080,1,-5.2,71.6,"Thailand
GDP growth 1.7%
GDP per person $8,580 (PPP: $27,080)
Inflation 1%
Budget balance -5.2% of GDP
Population 71.6m
Anutin Charnvirakul, leader of the Bhumjaithai Party, wasnamed prime minister in September 2025 after theconstitutional court ousted the previous leader, PaetongtarnShinawatra, on ethics charges. An election is likely in early2026, which will produce a new and more reform-friendlygovernment. Despite a peaceful transition of power, tensionswill flare between army-aligned conservatives and pro-reform groups. Weaker trade will hold back the economy.
to watchRave review. Fans of electronic dance music willdescend on Wisdom Valley in Pattaya in December for Asia’s firstversion of the giant Tomorrowland festival.",high,needs_review,The World in Numbers | The Economist,2026-03-12
Vietnam,25,4.4,4980,19100,3,-4.1,102.2,"Vietnam
GDP growth 4.4%
GDP per person $4,980 (PPP: $19,100)
Inflation 3%
Budget balance -4.1% of GDP
Population 102.2m
To Lam, the general secretary, is poised to consolidatecontrol ahead of the Communist Party’s 14th nationalcongress early in January, riding the progress of his “BlazingFurnaces” anti-corruption drive (see In Person). Economicpolicy will remain broadly open and pro-business, focusingon foreign direct investment, reducing bureaucracy and
3/12/26, 1:06 PM The World in Numbers | The Economist
lowering tariffs, especially for American goods. Still, theeconomy will decelerate after strong growth in 2024 and2025 as American protectionism and limits on trans-shipments from other countries in Asia weigh on investment,exports and consumption.",low,needs_review,The World in Numbers | The Economist,2026-03-12
Canada,26,0.9,59240,72470,2.1,-1.8,40.5,"Canada
GDP growth 0.9%
GDP per person $59,240 (PPP: $72,470)
Inflation 2.1%
Budget balance -1.8% of GDP
Population 40.5m
The prime minister, Mark Carney, leads a minority LiberalParty government, and a revived Conservative Party willoffer stiff opposition. Mr Carney’s forces will benefit from asurge in nationalist sentiment arising from Donald Trump’shostile attitude towards Canada. Punitive American tariffswill do genuine damage, with further integration amongCanada’s provinces failing to offset fully the impact ofhigher import prices on consumers. Growth will be tepid.",high,needs_review,The World in Numbers | The Economist,2026-03-12
United States,26,1.4,92170,92170,3.1,-6.6,349,"United States
GDP growth 1.4%
GDP per person $92,170 (PPP: $92,170)
Inflation 3.1%
Budget balance -6.6% of GDP
Population 349m
Donald Trump’s norm-shattering behaviour shows no sign ofabating. He has cemented power in the presidency, which hewill use ruthlessly, notably on trade and immigration. Hewill remain brutally transactional, unnerving friends andfoes. Legal setbacks will slow his pace, but he will win morecourt cases than he loses. Legislative elections in Novemberpose a risk if the opposition Democrats win the lower house.The economy will flirt with stagflation, ending years ofproductivity-driven gains. Still, spending on AI will supportgrowth.
3/12/26, 1:06 PM The World in Numbers | The Economist",high,needs_review,The World in Numbers | The Economist,2026-03-12
Mexico,27,1.4,13720,27520,3.5,-3.7,133,"Mexico
GDP growth 1.4%
GDP per person $13,720 (PPP: $27,520)
Inflation 3.5%
Budget balance -3.7% of GDP
Population 133m
The renegotiation of the trade agreement between Canada,Mexico and the United States, due for completion by mid-2026, injects uncertainty into economic policy, with thepresident, Claudia Sheinbaum, already navigating a difficultrelationship with the confrontational Trump administration.She may need to adjust spending priorities and run a looserbudget, putting fiscal targets at risk. She remains populardespite a controversial overhaul of the judiciary. But foreigninvestors worry about creeping authoritarianism; economicgrowth will be below its potential.
to watchKicking off. On June 11th Mexico City will stage the firstmatch of the FIFA World Cup, which Mexico will host jointly withCanada and America.",high,needs_review,The World in Numbers | The Economist,2026-03-12
Argentina,27,2.6,12780,35430,18.7,-0.3,46,"Argentina
GDP growth 2.6%
GDP per person $12,780 (PPP: $35,430)
Inflation 18.7%
Budget balance -0.3% of GDP
Population 46m
The government of Javier Milei, the libertarian president,won a decisive victory in midterm legislative elections inOctober 2025, easing a period of market stress. Foreigninvestment will rise, and Mr Milei will press ahead withmarket-friendly reforms, though budget-cutting will be lesssevere amid pressure to spend more. As political andeconomic conditions stabilise, GDP will expand modestly.
to watchUS bail-out. Donald Trump’s government is pledging upto $40bn to support the economic programme of Mr Milei, an ally.
3/12/26, 1:06 PM The World in Numbers | The Economist",high,needs_review,The World in Numbers | The Economist,2026-03-12
Bolivia,28,0.7,3620,11100,22,-8.1,12.7,"Bolivia
GDP growth 0.7%
GDP per person $3,620 (PPP: $11,100)
Inflation 22%
Budget balance -8.1% of GDP
Population 12.7m
Rodrigo Paz of the centrist Christian Democratic Party wonthe presidential election in late 2025, marking the end ofnearly 20 years of dominance by the left. With a clearmandate and a legislative tilt towards the centre-right, MrPaz will be pro-market and support pragmatic investmentstrategies and smaller deficits, though an overvaluedexchange rate will hold back growth.",high,needs_review,The World in Numbers | The Economist,2026-03-12
Chile,28,2,18650,38180,2.9,-1.5,19.9,"Chile
GDP growth 2%
GDP per person $18,650 (PPP: $38,180)
Inflation 2.9%
Budget balance -1.5% of GDP
Population 19.9m
Public concerns about crime and economic stagnationfavoured the right-wing opposition parties in elections setfor late 2025. José Antonio Kast of the ultra-conservativeChilean Republican Party was the favourite to win in a run-off. Pre-election turbulence will give way to a more stableeconomic outlook, with deregulation and investmentincentives boosting growth, though schemes to supportinvestment in renewable energy may falter.
to watchFar Reich. The election of Mr Kast, the son of a fleeingGerman Nazi, would mark a sharp rightward swing at home andboost regional right-wing sentiment.",high,needs_review,The World in Numbers | The Economist,2026-03-12
Cuba,28,0.8,3310,16480,13.4,-6,10.9,"Cuba
GDP growth 0.8%
GDP per person $3,310 (PPP: $16,480)
Inflation 13.4%
Budget balance -6% of GDP
Population 10.9m
3/12/26, 1:06 PM The World in Numbers | The Economist
The president, Miguel Díaz-Canel, advocates limited reform,but his political priorities remain firmly authoritarian, withrestrictions on private-sector imports and tight state controlover most of the economy. Tourism and foreign investmentwill remain depressed under harsh sanctions and badrelations with the United States, limiting Cuba’s recovery.With no prospect of significant reform, the economy willstagnate.",low,needs_review,The World in Numbers | The Economist,2026-03-12
Paraguay,29,4.2,7490,21110,3.8,-1.5,7.1,"Paraguay
GDP growth 4.2%
GDP per person $7,490 (PPP: $21,110)
Inflation 3.8%
Budget balance -1.5% of GDP
Population 7.1m
The president, Santiago Peña, and his Colorado Party willpursue market-friendly policies focused on reducing thebudget deficit and improving infrastructure, though politicaltensions may hold things up. Investor confidence andpublic-private partnerships will sustain large public-worksprojects and help with regional integration. The economywill do well, but bad weather is always a risk to farming andhydropower output.
to watchCurrent arrangement. The fee Brazil pays for Paraguay’ssurplus electricity output from the Itaipu dam will fall by almost50%.",high,needs_review,The World in Numbers | The Economist,2026-03-12
Uruguay,29,2.2,26270,40470,4.2,-4.1,3.4,"Uruguay
GDP growth 2.2%
GDP per person $26,270 (PPP: $40,470)
Inflation 4.2%
Budget balance -4.1% of GDP
Population 3.4m
Yamandú Orsi’s left-wing Broad Front will seek to expandstate involvement in the economy, increase social spendingand deepen regional integration, but will be hampered by aweak position in the legislature and internal rifts. Economicgrowth will be supported by increased governmentspending, a better jobs market and exports from a projectedstrong harvest.
3/12/26, 1:06 PM The World in Numbers | The Economist
Mohamed Irfaan Ali
While some might struggle to place Guyana on a map, that maychange in 2026 as its second-term president, Mohamed IrfaanAli, puts a tiny economy on the road to becoming a petro-state.The Britain- sized country is sparsely populated, but has fabulousreserves of oil and gas. Production in 2026, projected to be nearly1m barrels a day, could equal that of neighbouring Venezuela,which lays claim to a chunk of Guyana and could be source ofconflict. “Dutch disease”, whose symptoms include the stuntingof non-oil industries and over-valuation of the currency,threatens, but Mr Ali, an economist, will instead try to use the oilwealth to fund much-needed development.",low,needs_review,The World in Numbers | The Economist,2026-03-12
Brazil,30,1.7,11390,24660,4.2,-7.6,213.6,"Brazil
GDP growth 1.7%
GDP per person $11,390 (PPP: $24,660)
Inflation 4.2%
Budget balance -7.6% of GDP
Population 213.6m
3/12/26, 1:06 PM The World in Numbers | The Economist
Campaigning for the October general election will be spicedby Donald Trump’s pointed support for Jair Bolsonaro, theformer right-wing president, who was convicted in late 2025of attempting a coup and banned by the courts fromrunning. Mr Trump’s meddling could rally support for theincumbent, leftist Luiz Inácio Lula da Silva, who will runagain, but might favour a united right-wing challenger,Should one emerge. A centre-right government would aim toreduce government deficits and debt and boost growthprospects.",low,needs_review,The World in Numbers | The Economist,2026-03-12
Colombia,31,2.8,8790,23970,3.4,-6.4,53.9,"Colombia
GDP growth 2.8%
GDP per person $8,790 (PPP: $23,970)
Inflation 3.4%
Budget balance -6.4% of GDP
Population 53.9m
The run-up to the presidential election in May will featurerumblings of unrest as both sides mobilise their bases, butthe left-wing incumbent, Gustavo Petro, who is term-limited,and his party will probably lose to a candidate from thecentre-right opposition. More bank lending will supportinvestment, but slower export growth owing to weakerdemand in America, along with declining oil production andprices, will temper the economic recovery.",high,needs_review,The World in Numbers | The Economist,2026-03-12
Ecuador,31,2.4,7310,17560,1.3,-0.9,18.4,"Ecuador
GDP growth 2.4%
GDP per person $7,310 (PPP: $17,560)
Inflation 1.3%
Budget balance -0.9% of GDP
Population 18.4m
Daniel Noboa’s decisive re-election as president in 2025 andthe strengthening of his National Democratic Action bloc inthe legislature will ensure steady policy during his term,especially efforts to close the budget gap and advancemarket-based reforms. Still, sporadic unrest is likely anddrug cartels will remain a destabilising force. Rising investorconfidence, mining expansion and more favourable financialconditions will boost the economy.
3/12/26, 1:06 PM The World in Numbers | The Economist",high,needs_review,The World in Numbers | The Economist,2026-03-12
Peru,32,2.6,10110,19360,2.8,-2.8,34.9,"Peru
GDP growth 2.6%
GDP per person $10,110 (PPP: $19,360)
Inflation 2.8%
Budget balance -2.8% of GDP
Population 34.9m
Corruption scandals and rising crime have made DinaBoluarte deeply unpopular, and she cannot run again forpresident in April’s election. Her successor, to be pickedfrom a broad field of hopefuls, will face similar problems,including a fragmented legislature and little public trust.Candidates on the right are favourites, but populism maystifle reforms. Softer growth in mining and farm output anduncertainty over global trade will hold back the economy.",high,needs_review,The World in Numbers | The Economist,2026-03-12
Venezuela,32,2.8,3870,8540,130.7,-3.6,28.6,"Venezuela
GDP growth 2.8%
GDP per person $3,870 (PPP: $8,540)
Inflation 130.7%
Budget balance -3.6% of GDP
Population 28.6m
Nicolás Maduro, the authoritarian left-wing president, willremain in control of a country in sustained decline, althoughthe presence of the American navy near Venezuelan waters—ostensibly for anti-drug patrols—means a toppling of hisregime cannot be ruled out. The return of Chevron, a bigenergy company, will support oil production and boost theeconomy.",high,needs_review,The World in Numbers | The Economist,2026-03-12
Algeria,32,3.7,6370,19640,3.9,-12.7,48,"Algeria
GDP growth 3.7%
GDP per person $6,370 (PPP: $19,640)
Inflation 3.9%
Budget balance -12.7% of GDP
Population 48m
Abdelmadjid Tebboune, in his second term as president, willrely on firm army backing to keep a lid on unrest, while his
3/12/26, 1:06 PM The World in Numbers | The Economist
long-ruling National Liberation Front will win elections tothe rubber-stamp legislature in June. Oil and gas output willexpand modestly, but a weak investment climate will deterprivate capital. Strong public spending will boost theeconomy.",low,needs_review,The World in Numbers | The Economist,2026-03-12
Angola,33,2.6,3270,8780,16.3,-3.2,40.2,"Angola
GDP growth 2.6%
GDP per person $3,270 (PPP: $8,780)
Inflation 16.3%
Budget balance -3.2% of GDP
Population 40.2m
Violent protests sparked by fuel-subsidy cuts and decliningeconomic opportunities will meet equally violentcrackdowns from the government and security forces of thepresident, João Lourenço. The ruling People’s Movement forthe Liberation of Angola, in power since 1975, is unpopular,and repression is likely to increase ahead of elections in2027. Oil exports will deliver some growth.",high,needs_review,The World in Numbers | The Economist,2026-03-12
Egypt,33,5.3,2830,21630,10.8,-7.5,120.1,"Egypt
GDP growth 5.3%
GDP per person $2,830 (PPP: $21,630)
Inflation 10.8%
Budget balance -7.5% of GDP
Population 120.1m
The president, Abdel Fattah el-Sisi, will retain near-absolutecontrol during his final term, but will nevertheless tread anarrow line between reforms, including fiscal austerity andprivatisation, and popular discontent. Public unease over thesituation in Gaza, as well as regional geopolitical tensions,should ease if the ceasefire in Gaza holds. The economy willpick up pace, supported by improved business confidence,declining inflation and a more flexible currency.
to watchMoving in. The first wave of residences will be ready atthe Ras al-Hekma sustainable city being built on theMediterranean coast west of Alexandria.",high,needs_review,The World in Numbers | The Economist,2026-03-12
Iran,33,-1.8,3810,20360,45,-3.9,93.2,"Iran
GDP growth -1.8%
3/12/26, 1:06 PM The World in Numbers | The Economist
GDP per person $3,810 (PPP: $20,360)
Inflation 45%
Budget balance -3.9% of GDP
Population 93.2m
Hardliners at the helm of big institutions will resist nuclearconcessions after resounding defeat in the brief conflict withIsrael in 2025, but attention will focus on picking a successorto Ayatollah Ali Khamenei, the fragile, 86-year-old supremeleader. Chances for sanctions relief are slim, and theeconomy will contract for a second straight year as oiloutput eases.
to watchSupreme confidence. Ayatollah Khamenei’s son,Mojtaba, is a possible successor for the top job, should it becomevacant.",low,needs_review,The World in Numbers | The Economist,2026-03-12
Israel,34,4.5,70610,66710,2.2,-4.2,9.6,"Israel
GDP growth 4.5%
GDP per person $70,610 (PPP: $66,710)
Inflation 2.2%
Budget balance -4.2% of GDP
Population 9.6m
The ceasefire in Gaza, if it holds, will be a relief toPalestinians and to an Israeli public weary of wars. Thecoalition led by the prime minister, Binyamin Netanyahu, islikely to collapse, with an election possible in early 2026;subsequent horse-trading should result in an ideologicallydiverse centre-right government, but decision-making willbe difficult. The de-escalation of external conflicts will buoyconsumer sentiment.",high,needs_review,The World in Numbers | The Economist,2026-03-12
Kenya,34,5.4,2530,7260,4.8,-5.1,58.6,"Kenya
GDP growth 5.4%
GDP per person $2,530 (PPP: $7,260)
Inflation 4.8%
Budget balance -5.1% of GDP
Population 58.6m
The president, William Ruto, entering the last year of histerm, will be focused on securing another in 2027, though apoor response from testy young people angered by tax hikesand police brutality will boost rival parties. By contrast the
3/12/26, 1:06 PM The World in Numbers | The Economist
economy will enjoy renewed momentum as infrastructureinvestment, digitisation and regional integration start todeliver.",low,needs_review,The World in Numbers | The Economist,2026-03-12
Libya,35,7.5,6370,16720,2.3,1,7.5,"Libya
GDP growth 7.5%
GDP per person $6,370 (PPP: $16,720)
Inflation 2.3%
Budget balance 1% of GDP
Population 7.5m
Power will remain contested by the UN-recognisedGovernment of National Unity in the north-west andwarlord Khalifa Haftar’s Libyan National Army in the east,while long-awaited elections are further delayed. Disputesover oil earnings will persist, but revenue will rise as outputslowly climbs, though economic growth will fall short of its2025 high.",high,needs_review,The World in Numbers | The Economist,2026-03-12
Nigeria,35,4.2,1360,9510,14.9,-4.4,242.4,"Nigeria
GDP growth 4.2%
GDP per person $1,360 (PPP: $9,510)
Inflation 14.9%
Budget balance -4.4% of GDP
Population 242.4m
The country is deeply unstable, owing to weak institutions,ethnic and religious conflicts, and militant violence—particularly from Boko Haram and emerging groups in thenorth-west and Middle Belt. The president, Bola Tinubu, hasrolled out much-needed market reforms, but they have madehim unpopular. Falling inflation and rising output from thegiant Dangote oil refinery will support growth.",high,needs_review,The World in Numbers | The Economist,2026-03-12
South Africa,35,1.9,6860,16610,2.7,-5.1,65.5,"South Africa
GDP growth 1.9%
GDP per person $6,860 (PPP: $16,610)
Inflation 2.7%
Budget balance -5.1% of GDP
Population 65.5m
3/12/26, 1:06 PM The World in Numbers | The Economist
The coalition government formed after the African NationalCongress lost its majority in 2024, which includes the pro-business Democratic Alliance, will shore up investorconfidence and make for smoother progress on policy,including tackling power shortages. American tariffs willhurt exports, but retail sales will remain strong.",low,needs_review,The World in Numbers | The Economist,2026-03-12
Zimbabwe,36,4,1450,4430,68.5,-1.1,17.3,"Zimbabwe
GDP growth 4%
GDP per person $1,450 (PPP: $4,430)
Inflation 68.5%
Budget balance -1.1% of GDP
Population 17.3m
The ruling Zimbabwe African National Union-PatrioticFront will maintain a tight grip on power, even though morethan a third of the country lives in poverty. The military willstep in if public protest gets out of hand. Rising lithium andgold production will sustain economic growth.
Netumbo Nandi-Ndaitwah
As Namibia’s first female president and Africa’s second directlyelected woman head of state, Netumbo Nandi-Ndaitwah, whotook office in March 2025, blends her party’s socialist roots withpragmatic, market-friendly policies. Born in 1952 under SouthAfrican apartheid to an Anglican clergyman, educated in theSoviet Union and Britain, she aims to streamline government andpromote youth employment, while tackling post-colonialinequities and negotiating reparations with Germany over the1904–08 Herero-Nama genocide in what was then German SouthWest Africa—all against the background of strained fiscal andtrade accounts.
3/12/26, 1:06 PM The World in Numbers | The Economist",high,needs_review,The World in Numbers | The Economist,2026-03-12
Cameroon,37,3.8,2070,6060,2.8,-2.1,30.6,"Cameroon
GDP growth 3.8%
GDP per person $2,070 (PPP: $6,060)
Inflation 2.8%
Budget balance -2.1% of GDP
Population 30.6m
Paul Biya won an eighth term as president in late 2025, butthe election was marred by allegations of fraud and violenceagainst protesters. At 92 he may struggle to finish his term,and his exit would spark a succession battle, all amidinsurgencies in the English-speaking and far north regions.Iron ore and gas will buoy the economy.",high,needs_review,The World in Numbers | The Economist,2026-03-12
Ethiopia,37,7.6,780,3830,13,-3.1,138.9,"Ethiopia
GDP growth 7.6%
GDP per person $780 (PPP: $3,830)
Inflation 13%
Budget balance -3.1% of GDP
Population 138.9m
The Prosperity Party government under the prime minister,Abiy Ahmed, will face growing instability as insurgencies inthe Amhara and Oromia regions bring long-standing ethnictensions to the fore. A long-promised referendum ondisputed territories may ease tensions, though it is not clearif or when this will happen. Mr Abiy and his party will winthe election due in June, though it may be delayed. Despitethe conflict, the economy will grow strongly.
to watchTigray fire. Incomplete implementation of the 2022Tigray peace treaty could allow simmering tensions in the northernregion to boil over.",high,needs_review,The World in Numbers | The Economist,2026-03-12
Iraq,37,3.1,6320,15630,2,-5.4,48,"Iraq
GDP growth 3.1%
GDP per person $6,320 (PPP: $15,630)
Inflation 2%
Budget balance -5.4% of GDP
Population 48m
Iraq is enjoying a period of relative stability during a lull inpolitical violence. Elections in late 2025 were likely to favour
3/12/26, 1:06 PM The World in Numbers | The Economist
parties of the Iran-backed, Shia-dominated Co-ordinationFramework coalition. Civil unrest and threats to Iraq’sreform agenda, however, remain. Oil output will spike ascapacity increases, pushing growth higher.",low,needs_review,The World in Numbers | The Economist,2026-03-12
Jordan,38,2.5,5030,11990,2,-4.7,11.6,"Jordan
GDP growth 2.5%
GDP per person $5,030 (PPP: $11,990)
Inflation 2%
Budget balance -4.7% of GDP
Population 11.6m
King Abdullah bin Hussein al-Hashemi’s firm grip on power,backed up by the army, means the main sources of instabilitywill come from beyond the country’s borders. Economicgrowth will be boosted by foreign investment andmultilateral grants, and as regional tensions ease. Risingtourism will narrow the current-account deficit, helped byIMF funding.",high,needs_review,The World in Numbers | The Economist,2026-03-12
Lebanon,38,4.4,5590,13540,18,-1.5,5.9,"Lebanon
GDP growth 4.4%
GDP per person $5,590 (PPP: $13,540)
Inflation 18%
Budget balance -1.5% of GDP
Population 5.9m
The diminished capacity of Hizbullah, an Iranian-backedmilitia that has dominated Lebanon for years, and regimechange in neighbouring Syria promise improved governance
3/12/26, 1:06 PM The World in Numbers | The Economist
under the prime minister, Nawaf Salam. Political gridlock iseasing, but progress will be piecemeal and the economy willrally only slowly.",low,needs_review,The World in Numbers | The Economist,2026-03-12
Morocco,39,4.1,5150,12370,1.9,-3,38.8,"Morocco
GDP growth 4.1%
GDP per person $5,150 (PPP: $12,370)
Inflation 1.9%
Budget balance -3% of GDP
Population 38.8m
Despite public frustration over unresolved problems such ashigh unemployment, the government and monarchy face noserious threats, and the ruling coalition will refresh itsmajority in legislative elections set for September. Stronginfrastructure investment and solid tourism will propel theeconomy.
to watchH2, oh! Work is set to start on the White Dunes project,creating green hydrogen through electrolysis of water.",high,needs_review,The World in Numbers | The Economist,2026-03-12
Saudi Arabia,39,4.5,43060,83210,1.9,-4.1,35.2,"Saudi Arabia
GDP growth 4.5%
GDP per person $43,060 (PPP: $83,210)
Inflation 1.9%
Budget balance -4.1% of GDP
Population 35.2m
Mohammed bin Salman, the crown prince and de factoleader, blends authoritarianism with ambitious economicreforms. Investment in manufacturing, electric-vehicleproduction, tourism, mining, logistics, renewables andartificial intelligence will help reduce oil dependency andsustain growth.",high,needs_review,The World in Numbers | The Economist,2026-03-12
Syria,39,-1.8,820,2790,-5.2,-2.8,26.5,"Syria
GDP growth -1.8%
GDP per person $820 (PPP: $2,790)
Inflation -5.2%
Budget balance -2.8% of GDP
Population 26.5m
3/12/26, 1:06 PM The World in Numbers | The Economist
A transitional government under the president, Ahmed al-Sharaa, will begin to stabilise the economy, though growth isa year away and a local-currency shortage will causedeflation. Still, surging exports and remittances will help.Sweeping political and economic changes will advance,backed by foreign cash, as Western sanctions ease. Sectarianviolence and tensions with Kurdish factions remain threats.
3/12/26, 1:06 PM The World in Numbers | The Economist",low,needs_review,The World in Numbers | The Economist,2026-03-12
